City,Lat,Lng,Max Temp,Humidity,Cloudiness,Wind Speed,Country,Date
Along,28.1667,94.7667,294.64,99,100,0.17,IN,1665410412
Bandarbeyla,9.4942,50.8122,299.67,79,64,6.12,SO,1665410293
Shaunavon,49.6501,-108.4181,282.92,51,7,4.61,CA,1665410413
Upernavik,72.7868,-56.1549,262.45,70,15,2.22,GL,1665410256
George Town,5.4112,100.3354,302.11,76,20,0.0,MY,1665410414
Hāflong,25.1833,93.0333,295.28,98,100,0.97,IN,1665410415
Kapaa,22.0752,-159.319,296.14,81,97,3.16,US,1665410221
Hermanus,-34.4187,19.2345,298.66,44,100,2.86,ZA,1665410212
The Valley,18.217,-63.0578,303.61,75,95,7.51,AI,1665410416
Hithadhoo,-0.6,73.0833,300.39,77,99,7.35,MV,1665410216
Rikitea,-23.1203,-134.9692,294.99,72,1,4.03,PF,1665410238
Mataura,-46.1927,168.8643,283.29,75,95,6.0,NZ,1665410212
Jamestown,42.097,-79.2353,285.94,56,70,2.68,US,1665410220
Grindavik,63.8424,-22.4338,276.41,65,0,3.6,IS,1665410418
Cape Town,-33.9258,18.4232,295.38,53,0,3.6,ZA,1665409990
Castro,-24.7911,-50.0119,288.1,96,100,3.93,BR,1665410216
Ushuaia,-54.8,-68.3,279.96,81,75,7.2,AR,1665410143
Port Elizabeth,-33.918,25.5701,296.54,87,20,12.35,ZA,1665410227
Oxford,51.7522,-1.256,289.99,61,40,5.14,GB,1665410420
Butaritari,3.0707,172.7902,300.46,78,84,6.9,KI,1665410257
Fairbanks,64.8378,-147.7164,272.93,91,100,3.49,US,1665410421
Busselton,-33.65,115.3333,286.13,61,95,5.08,AU,1665410249
Horta,38.5333,-28.6333,297.95,79,40,1.79,PT,1665410422
San Jerónimo,-11.9472,-75.2829,286.61,56,40,0.76,PE,1665410422
São Domingos,-13.3983,-46.3183,307.06,16,3,6.87,BR,1665410422
Thompson,55.7435,-97.8558,278.24,93,40,2.57,CA,1665410218
Hobart,-42.8794,147.3294,284.41,87,100,0.0,AU,1665410089
Darhan,49.4867,105.9228,278.13,47,100,1.56,MN,1665410425
Qaanaaq,77.484,-69.3632,260.46,62,3,3.5,GL,1665410236
Narsaq,60.9167,-46.05,275.3,99,100,3.59,GL,1665410217
Yellowknife,62.456,-114.3525,282.44,87,75,2.57,CA,1665410303
Bonga,7.2833,36.2333,291.78,96,65,0.9,ET,1665410428
Hilo,19.7297,-155.09,300.53,93,19,1.79,US,1665410293
St. Marys,30.7305,-81.5465,294.42,96,100,4.63,US,1665410429
Tasiilaq,65.6145,-37.6368,272.94,96,100,5.39,GL,1665410215
Vrangel',42.7297,133.0839,283.44,81,47,3.63,RU,1665410429
Port Alfred,-33.5906,26.891,294.92,80,92,4.47,ZA,1665410261
Itoman,26.1247,127.6694,297.26,64,75,11.83,JP,1665410430
Santa,17.486,120.4348,298.44,76,15,4.56,PH,1665410431
Vaini,-21.2,-175.2,294.24,100,20,3.6,TO,1665410259
Katsuura,35.1333,140.3,297.35,84,99,10.43,JP,1665410414
Chokurdakh,70.6333,147.9167,264.63,94,75,5.7,RU,1665410267
Cherskiy,68.75,161.3,264.78,93,100,5.57,RU,1665410433
Nyurba,63.2842,118.3319,270.52,94,100,0.89,RU,1665410434
Merauke,-8.4667,140.3333,299.56,87,100,4.76,ID,1665410434
Winnemucca,40.973,-117.7357,285.97,35,0,0.64,US,1665410435
Bredasdorp,-34.5322,20.0403,296.56,52,100,4.68,ZA,1665410272
Ovalle,-30.5983,-71.2003,290.28,52,0,1.9,CL,1665410436
Leer,8.3018,30.1418,302.24,59,18,0.64,SS,1665410436
Atuona,-9.8,-139.0333,297.98,66,86,7.58,PF,1665410226
Tuktoyaktuk,69.4541,-133.0374,273.15,93,100,11.32,CA,1665410240
Nambucca Heads,-30.65,153.0,288.8,75,100,1.64,AU,1665410437
Los Baños,14.1667,121.1833,301.37,87,42,1.28,PH,1665410438
Carnarvon,-24.8667,113.6333,292.49,64,100,10.38,AU,1665410169
Glodeni,47.7708,27.5144,288.48,37,9,2.96,MD,1665410439
Ojinaga,29.5667,-104.4167,287.68,100,0,0.0,MX,1665410440
Chui,-33.6971,-53.4616,287.3,55,2,3.49,UY,1665410270
Flinders,-34.5833,150.8552,286.58,82,84,2.68,AU,1665410002
San Patricio,28.017,-97.5169,300.28,57,6,4.01,US,1665410218
Dikson,73.5069,80.5464,274.53,98,100,5.01,RU,1665410444
Cap-aux-Meules,47.3821,-61.8597,281.21,66,9,8.92,CA,1665410445
Namatanai,-3.6667,152.4333,298.42,69,98,3.22,PG,1665410445
Iberia,29.9502,-91.7507,293.18,60,0,4.09,US,1665410446
Saint Paul Harbor,57.79,-152.4072,279.58,82,100,3.93,US,1665410221
Gubkinskiy,64.434,76.5026,279.39,93,100,8.57,RU,1665410448
Savé,8.0425,2.486,298.37,84,92,1.76,BJ,1665410448
São Filipe,14.8961,-24.4956,299.37,73,20,3.74,CV,1665410303
Hinton,53.4001,-117.5857,282.84,72,100,2.73,CA,1665410449
Biak,-0.9131,122.8766,297.78,86,94,2.71,ID,1665410449
Avarua,-21.2078,-159.775,295.18,88,100,6.69,CK,1665410450
Mahon,39.8885,4.2658,296.46,73,40,2.06,ES,1665410451
Punta Arenas,-53.15,-70.9167,281.21,76,75,11.83,CL,1665410219
Varhaug,58.6147,5.6457,285.31,71,53,8.21,NO,1665410452
Novy Urengoy,66.0833,76.6333,278.32,95,100,2.75,RU,1665410453
Barzas,55.7167,86.3167,279.45,85,100,3.92,RU,1665410454
Vallenar,-28.5708,-70.7581,290.61,49,0,1.8,CL,1665410455
Khatanga,71.9667,102.5,257.07,98,83,1.48,RU,1665410257
Zyryanka,65.75,150.85,264.78,96,100,1.88,RU,1665410456
Flin Flon,54.7682,-101.865,280.86,74,27,3.68,CA,1665410457
Faya,18.3851,42.4509,298.21,34,26,1.63,SA,1665410314
Ribeira Grande,38.5167,-28.7,298.37,73,40,1.79,PT,1665410231
Souillac,-20.5167,57.5167,295.22,74,23,6.02,MU,1665410459
Kalāleh,37.3807,55.4916,301.74,15,0,1.0,IR,1665410459
Saint-Augustin,51.226,-58.6502,279.13,56,26,5.57,CA,1665410460
Villa Unión,23.2,-106.2333,300.94,93,0,1.43,MX,1665410460
Patacamaya,-17.2333,-67.9167,286.06,26,0,4.94,BO,1665410461
Kaeo,-35.1,173.7833,286.11,93,100,2.16,NZ,1665410462
Cherëmukhovo,60.3484,59.9851,279.61,86,100,3.18,RU,1665410462
Puerto Ayora,-0.7393,-90.3518,292.34,88,88,3.13,EC,1665410213
Kloulklubed,7.0419,134.2556,302.41,68,99,4.56,PW,1665410463
São Félix do Xingu,-6.6447,-51.995,307.16,45,21,1.86,BR,1665410464
Cockburn Town,21.4612,-71.1419,301.48,75,15,8.24,TC,1665410464
Ponta do Sol,32.6667,-17.1,300.21,69,60,3.49,PT,1665410465
Colesberg,-30.72,25.0972,302.92,18,100,14.27,ZA,1665410465
Nikolskoye,59.7035,30.7861,285.09,70,89,3.16,RU,1665410215
Inhambane,-23.865,35.3833,301.14,78,40,3.6,MZ,1665410245
Manakara,-22.1333,48.0167,296.82,66,0,6.27,MG,1665410467
Camabatela,-8.1881,15.375,299.15,50,58,2.34,AO,1665410468
Mahébourg,-20.4081,57.7,297.31,64,75,5.66,MU,1665410237
Khandyga,62.6667,135.6,270.96,97,100,2.87,RU,1665410469
Fortuna,40.5982,-124.1573,284.25,91,100,2.57,US,1665410318
East London,-33.0153,27.9116,294.67,73,20,9.77,ZA,1665410247
Coyhaique,-45.5752,-72.0662,282.49,53,40,4.12,CL,1665410262
Yamada,39.4667,141.95,291.88,90,95,2.65,JP,1665410471
Snezhnogorsk,69.1933,33.2531,279.03,84,57,5.31,RU,1665410471
Nome,64.5011,-165.4064,271.62,66,69,1.19,US,1665410472
Bambous Virieux,-20.3428,57.7575,296.05,71,32,5.36,MU,1665410472
Albany,42.6001,-73.9662,284.23,82,100,1.84,US,1665410253
Bluff,-46.6,168.3333,283.65,89,100,12.91,NZ,1665410237
Sur,22.5667,59.5289,301.37,50,6,2.0,OM,1665410481
Kahului,20.8947,-156.47,298.06,90,37,1.34,US,1665410482
Laguna,38.421,-121.4238,291.66,89,0,0.0,US,1665410482
Santa Barbara,34.7333,-120.0343,287.2,94,100,1.54,US,1665410484
Charleston,32.7766,-79.9309,297.64,84,0,3.6,US,1665410484
Scarborough,54.2797,-0.4044,287.91,62,6,0.89,GB,1665410459
Apahida,46.8167,23.75,290.45,64,0,3.13,RO,1665410485
Penzance,50.1186,-5.5371,288.58,67,20,9.26,GB,1665410485
Hong Kong,22.2855,114.1577,299.18,38,73,4.92,HK,1665410106
Odienné,9.51,-7.5692,304.45,52,26,1.82,CI,1665410487
Manavālakurichi,8.1333,77.3,299.63,83,42,3.63,IN,1665410488
Kosai,34.7105,137.5316,291.96,73,99,5.46,JP,1665410489
San Andrés,12.5847,-81.7006,301.62,79,90,7.83,CO,1665410489
Plettenberg Bay,-34.0527,23.3716,294.84,66,100,4.75,ZA,1665410490
Luba,3.4568,8.5547,299.7,83,52,3.28,GQ,1665410490
Tiksi,71.6872,128.8694,262.62,90,83,5.76,RU,1665410491
Raja,8.4596,25.678,301.8,62,43,1.63,SS,1665410493
Arraial do Cabo,-22.9661,-42.0278,296.07,83,75,4.12,BR,1665410317
Mount Gambier,-37.8333,140.7667,286.05,62,100,4.23,AU,1665410279
Rock Sound,24.9,-76.2,301.54,74,11,6.82,BS,1665410496
Beloha,-25.1667,45.05,298.6,61,0,5.56,MG,1665410257
Porbandar,21.6422,69.6093,302.26,66,21,5.15,IN,1665410482
Margate,51.3813,1.3862,289.21,61,10,3.58,GB,1665410497
Barrow,71.2906,-156.7887,269.16,86,75,4.12,US,1665410222
Bathsheba,13.2167,-59.5167,297.49,94,75,8.75,BB,1665410351
Acapulco de Juárez,16.8634,-99.8901,299.12,70,100,1.68,MX,1665410499
Porto Santo,33.072,-16.3415,297.36,78,20,6.17,PT,1665410500
Ilulissat,69.2167,-51.1,268.69,59,100,1.58,GL,1665410254
Tommot,58.9564,126.2925,273.65,98,100,2.72,RU,1665410500
Aykhal,66.0,111.5,267.05,97,95,3.73,RU,1665410501
Bar Harbor,44.3876,-68.2039,282.65,72,100,1.54,US,1665410501
Mar del Plata,-38.0023,-57.5575,285.34,66,0,5.36,AR,1665410243
Pangnirtung,66.1451,-65.7125,271.15,69,75,1.54,CA,1665410264
Keetmanshoop,-26.5833,18.1333,310.82,5,100,7.99,NA,1665410503
Evensk,61.95,159.2333,268.33,86,99,3.65,RU,1665410504
Marsaxlokk,35.8419,14.5431,293.49,88,20,6.17,MT,1665410504
Fougamou,-1.2154,10.5838,301.04,84,79,1.06,GA,1665410505
Kaitangata,-46.2817,169.8464,283.38,67,20,6.51,NZ,1665410290
Japura,-0.3167,102.35,296.29,88,99,1.0,ID,1665410507
Marzuq,14.4,46.4667,302.4,24,26,5.78,YE,1665410508
Port Moresby,-9.4431,147.1797,296.83,94,20,2.57,PG,1665409944
Niny,44.4878,43.9489,295.89,49,55,1.7,RU,1665410509
College,64.8569,-147.8028,272.92,92,100,3.45,US,1665410509
Sola,-13.8833,167.55,299.1,76,11,1.8,VU,1665410510
Rosetta,31.4044,30.4164,297.09,61,0,4.62,EG,1665410510
Saskylakh,71.9167,114.0833,262.49,92,99,3.94,RU,1665410288
Redcliffe,-27.2307,153.0973,290.87,77,75,3.6,AU,1665410407
Zigong,29.3416,104.7769,287.96,82,100,1.26,CN,1665410512
Klaksvík,62.2266,-6.589,280.66,79,100,19.12,FO,1665410513
Asău,46.4333,26.4,288.86,43,1,2.12,RO,1665410514
Sitka,57.0531,-135.33,281.69,70,100,4.72,US,1665410262
Honiara,-9.4333,159.95,298.47,83,15,0.76,SB,1665410407
Waipawa,-41.4122,175.5153,285.5,70,98,8.83,NZ,1665410515
Mocuba,-16.8392,36.9856,308.19,20,0,5.46,MZ,1665410516
Ambulu,-8.345,113.6058,298.32,92,100,1.13,ID,1665410304
Gitega Province,-3.5,29.95,299.19,32,94,3.12,BI,1665410517
Auki,-8.7676,160.7034,297.75,86,67,1.11,SB,1665410517
Daru,-9.0763,143.2092,299.55,87,98,5.44,PG,1665410518
São João da Barra,-21.6403,-41.0511,299.76,70,32,3.24,BR,1665410518
Tsimmerbude,54.675,20.1347,288.18,49,0,7.1,RU,1665410519
Najrān,17.4924,44.1277,301.19,17,7,6.03,SA,1665410520
Muravlenko,63.7898,74.523,279.2,87,97,7.98,RU,1665410520
Khani,41.9563,42.9566,284.91,95,100,0.14,GE,1665410521
San Cristobal,7.7669,-72.225,298.67,57,69,2.18,VE,1665410521
Vestmannaeyjar,63.4427,-20.2734,276.7,60,75,6.17,IS,1665410523
Bonthe,7.5264,-12.505,300.76,69,100,0.89,SL,1665410523
Ouallam,14.3188,2.0866,311.07,19,2,1.56,NE,1665410524
Kasiri,8.9412,-13.1148,302.4,61,98,0.42,SL,1665410525
Yidu,24.1614,115.1328,290.02,30,6,1.83,CN,1665410526
Saint-Philippe,-21.3585,55.7679,296.92,76,50,4.67,RE,1665410526
Zaranj,30.9667,61.8833,297.52,8,0,3.08,AF,1665410527
Sosnovo-Ozerskoye,52.5249,111.5418,273.71,48,99,1.35,RU,1665410527
Ancud,-41.8697,-73.8203,282.15,65,0,0.8,CL,1665410276
Beyneu,45.3167,55.2,292.69,19,100,9.14,KZ,1665410529
Ludvika,60.1496,15.1878,285.15,64,100,5.31,SE,1665410530
Bubaque,11.2833,-15.8333,300.76,74,89,2.4,GW,1665410530
Kamenka,51.3223,42.7678,282.62,90,100,5.65,RU,1665410531
Hambantota,6.1241,81.1185,299.34,100,40,1.54,LK,1665410531
Salalah,17.0151,54.0924,300.46,52,90,1.33,OM,1665410532
Hay River,60.8156,-115.7999,288.14,51,75,3.09,CA,1665410289
Yangi Marg`ilon,40.4272,71.7189,292.55,34,0,2.06,UZ,1665410533
Airai,-8.9266,125.4092,289.99,88,100,0.96,TL,1665410289
Lodeynoye Pole,60.726,33.5531,283.11,77,78,3.94,RU,1665410534
Gobabis,-22.45,18.9667,306.39,6,0,4.93,NA,1665410534
Iqaluit,63.7506,-68.5145,268.54,85,96,8.49,CA,1665410409
Pangai,-19.8,-174.35,297.81,82,0,7.67,TO,1665410535
Muros,42.7762,-9.0603,290.28,93,94,1.99,ES,1665410536
Sorong,-0.8833,131.25,299.63,83,100,1.83,ID,1665410537
Tripoli,32.8752,13.1875,302.62,38,56,3.5,LY,1665410535
Lavrentiya,65.5833,-171.0,269.54,72,5,3.87,RU,1665410537
Fayaoué,-20.65,166.5333,297.0,75,100,9.3,NC,1665410538
Chornoliztsi,48.8303,24.8958,286.64,54,0,3.73,UA,1665410538
Ji’an,27.1172,114.9793,286.68,42,8,2.3,CN,1665410539
Lompoc,34.6391,-120.4579,288.58,94,100,2.06,US,1665410313
Holme,56.1138,10.1725,286.91,79,100,6.69,DK,1665410540
Norfolk,42.1668,-71.2495,287.76,76,100,2.69,US,1665410541
Guerrero Negro,27.9769,-114.0611,294.01,86,79,3.89,MX,1665410541
Sabang,5.8933,95.3214,300.92,76,99,5.51,ID,1665410542
Karratha,-20.7377,116.8463,298.22,52,12,6.62,AU,1665410445
Alta Floresta,-9.8756,-56.0861,304.96,45,59,3.04,BR,1665410542
Meïganga,6.5167,14.3,296.91,80,46,1.1,CM,1665410543
Balgazyn,51.0,95.2,278.49,40,100,0.72,RU,1665410543
Provideniya,64.3833,-173.3,271.33,69,25,3.59,RU,1665410305
Sharan,54.8167,54.0,284.89,57,100,2.65,RU,1665410544
Río Gallegos,-51.6226,-69.2181,286.95,33,32,9.3,AR,1665410546
Codrington,-38.2667,141.9667,283.85,75,100,4.19,AU,1665410258
Geraldton,-28.7667,114.6,287.38,88,75,3.6,AU,1665410345
Arlit,18.7369,7.3853,309.36,9,0,1.69,NE,1665410547
Bethel,41.3712,-73.414,287.34,74,100,0.45,US,1665410319
Emerald,-23.5333,148.1667,293.34,80,62,4.87,AU,1665410548
Amla,21.9333,78.1167,295.33,92,99,2.58,IN,1665410549
Clyde River,70.4692,-68.5914,266.28,79,100,7.2,CA,1665410247
Santa Marta,11.2408,-74.199,301.35,66,87,1.15,CO,1665410549
Arrondissement de Privas,44.5833,4.5,297.33,47,84,2.11,FR,1665410550
Cap Malheureux,-19.9842,57.6142,296.19,66,5,4.02,MU,1665410551
Chibuto,-24.6867,33.5306,301.58,53,56,6.57,MZ,1665410553
Merrill,45.1805,-89.6835,280.58,82,40,1.54,US,1665410554
Vágur,61.4732,-6.8119,279.56,70,98,16.29,FO,1665410300
Kristinehamn,59.3098,14.1081,285.46,61,100,6.07,SE,1665410554
Sotouboua,8.5667,0.9833,300.85,73,62,3.42,TG,1665410555
Grand Gaube,-20.0064,57.6608,296.14,66,8,4.02,MU,1665410555
Mendoza,-32.8908,-68.8272,288.83,19,0,2.82,AR,1665410556
Waiouru,-39.4833,175.6667,278.07,88,99,2.1,NZ,1665410557
Sheridan,44.8333,-106.9173,276.36,87,0,1.54,US,1665410558
Bengkulu,-3.8004,102.2655,297.66,86,100,2.92,ID,1665410326
Kargopol',61.5071,38.9456,281.28,71,41,3.83,RU,1665410559
Kavieng,-2.5744,150.7967,300.42,68,10,5.53,PG,1665410296
Sambava,-14.2667,50.1667,295.96,76,27,4.97,MG,1665410560
Coquimbo,-29.9533,-71.3436,286.96,73,16,1.99,CL,1665410560
Luganville,-15.5333,167.1667,297.92,87,41,2.45,VU,1665410561
Road Town,18.4167,-64.6167,301.17,89,40,2.57,VG,1665410561
Yar-Sale,66.8333,70.8333,278.64,78,89,6.28,RU,1665410263
Taoudenni,22.6783,-3.9836,313.23,13,65,6.06,ML,1665410563
Kumul,42.8,93.45,287.55,20,0,1.65,CN,1665410564
Yulara,-25.2406,130.9889,296.4,19,40,2.44,AU,1665410323
Nemuro,43.3236,145.575,290.06,93,100,9.79,JP,1665410338
Moerai,-22.4333,-151.3333,294.24,77,100,10.57,PF,1665410565
Osakarovka,50.565,72.5692,280.94,59,20,2.24,KZ,1665410566
Minot,48.2325,-101.2963,282.27,66,0,4.12,US,1665410567
Aleysk,52.4926,82.7822,282.02,64,100,3.72,RU,1665410567
Shelburne,44.0787,-80.2041,280.57,83,50,2.8,CA,1665410567
Zlatoust,55.1711,59.6508,281.55,67,69,3.1,RU,1665410568
Chimoio,-19.1164,33.4833,305.33,20,0,5.43,MZ,1665410569
Cortland,42.6001,-76.083,284.13,76,100,1.54,US,1665410572
Zwedru,6.0667,-8.1281,302.58,67,92,0.43,LR,1665410572
Chiang Khong,20.2613,100.4046,294.3,96,25,1.17,TH,1665410573
Monrovia,6.3005,-10.7969,301.01,72,94,2.67,LR,1665410573
Talnakh,69.4865,88.3972,274.36,99,100,5.6,RU,1665410573
Santiago del Estero,-27.7951,-64.2615,292.54,24,0,4.49,AR,1665410575
Igrim,63.1906,64.4162,280.11,72,9,4.93,RU,1665410575
Cabrobó,-8.5142,-39.31,305.59,34,82,7.08,BR,1665410576
Biltine,14.5333,20.9167,310.24,13,41,3.61,TD,1665410576
Griffith,41.5284,-87.4237,288.09,73,0,2.06,US,1665410577
Ostrovnoy,68.0531,39.5131,278.35,77,3,7.94,RU,1665410577
Pevek,69.7008,170.3133,269.47,81,100,11.29,RU,1665410327
Acajutla,13.5928,-89.8275,296.79,97,100,6.97,SV,1665410578
Santa Cruz de La Palma,28.6835,-17.7642,297.23,69,75,5.14,ES,1665410578
Zhigansk,66.7697,123.3711,263.42,93,55,2.77,RU,1665410579
Mitú,1.1983,-70.1733,302.99,58,42,1.55,CO,1665410579
Haines Junction,60.7522,-137.5108,275.34,92,100,1.45,CA,1665410580
Sangar,63.9242,127.4739,267.59,95,79,1.02,RU,1665410580
Katobu,-4.9408,122.5276,297.54,92,100,0.67,ID,1665410581
Ayan,56.45,138.1667,276.07,58,98,2.06,RU,1665410583
Berlevåg,70.8578,29.0864,279.15,81,0,4.63,NO,1665410240
Pontefract,53.6911,-1.3127,288.07,54,6,3.13,GB,1665410585
Adrar,20.5022,-10.0711,310.1,17,93,6.56,MR,1665410332
Mezen',65.8522,44.24,279.82,70,62,6.67,RU,1665410586
Tromsø,69.6496,18.957,282.16,76,0,0.0,NO,1665410587
Barabinsk,55.3571,78.357,282.32,71,96,6.44,RU,1665410587
Kununurra,-15.7667,128.7333,300.14,61,11,0.51,AU,1665410588
Domoni,-12.2569,44.5319,298.53,68,66,1.41,KM,1665410589
Barabai,-2.5833,115.3833,296.8,96,100,0.48,ID,1665410589
Luanda,-8.8368,13.2343,298.85,72,0,6.94,AO,1665410590
Constitución,-35.3333,-72.4167,287.46,54,0,1.37,CL,1665410590
Cabra,37.4725,-4.4421,297.54,41,49,2.42,ES,1665410591
Hamilton,39.1834,-84.5333,286.79,66,0,4.12,US,1665410592
Kampot,10.6167,104.1833,299.18,86,99,2.08,KH,1665410592
Garoowe,8.4054,48.4845,301.21,51,88,7.88,SO,1665410593
Puerto Escondido,15.85,-97.0667,298.61,78,40,2.57,MX,1665410593
Dehlorān,32.6941,47.2679,307.48,12,0,3.0,IR,1665410594
Carrollton,32.9537,-96.8903,295.46,67,0,1.54,US,1665410595
Faanui,-16.4833,-151.75,298.53,75,6,7.64,PF,1665410596
Hasaki,35.7333,140.8333,297.71,83,100,11.34,JP,1665410587
Samarai,-10.6167,150.6667,300.7,77,20,4.35,PG,1665410597
Andenes,69.3143,16.1194,283.14,81,0,3.6,NO,1665410597
Isangel,-19.55,169.2667,296.49,75,72,5.52,VU,1665410230
Aksarka,66.5606,67.7975,278.07,80,94,7.24,RU,1665410598
Assiut,27.181,31.1837,303.06,27,0,7.02,EG,1665410598
Matara,5.9485,80.5353,299.11,85,6,3.42,LK,1665410599
New Norfolk,-42.7826,147.0587,284.22,93,51,0.97,AU,1665410217
Pisco,-13.7,-76.2167,291.18,68,80,2.06,PE,1665410600
Huejúcar,22.35,-103.2167,287.66,78,0,1.57,MX,1665410601
Torbay,47.6666,-52.7314,286.97,69,40,8.75,CA,1665410312
Carutapera,-1.195,-46.02,303.34,61,42,4.8,BR,1665410329
Vila,42.0304,-8.1588,288.54,86,98,1.23,PT,1665410602
Dingle,10.9995,122.6711,297.97,88,65,0.62,PH,1665410287
Hirara,24.8,125.2833,297.83,69,100,14.37,JP,1665410603
Hammerfest,70.6634,23.6821,280.4,87,75,2.06,NO,1665410321
Cabo San Lucas,22.8909,-109.9124,300.24,63,0,3.32,MX,1665410348
Dwārka,22.2394,68.9678,302.28,64,58,5.19,IN,1665410604
Atar,20.5169,-13.0499,311.01,19,52,5.1,MR,1665410605
Avera,33.194,-82.5271,291.23,72,0,3.54,US,1665410326
Xuanzhou,30.9525,118.7553,284.32,47,99,0.71,CN,1665410593
Lebu,-37.6167,-73.65,284.32,62,0,7.68,CL,1665410270
Mount Isa,-20.7333,139.5,296.02,27,8,3.6,AU,1665410232
Lithakia,37.7167,20.8333,298.8,61,40,4.63,GR,1665410607
Saint George,37.1041,-113.5841,289.7,48,0,0.0,US,1665410608
Poum,-20.2333,164.0167,297.91,75,100,10.03,NC,1665410608
Lagoa,39.05,-27.9833,294.49,86,6,2.69,PT,1665410609
Riverton,40.5219,-111.9391,289.16,49,0,2.24,US,1665410610
Suez,29.9737,32.5263,301.05,45,0,7.7,EG,1665410610
Palmer,42.1584,-72.3287,286.7,72,100,2.32,US,1665410249
Baharly,38.4362,57.4316,295.86,18,0,4.39,TM,1665410611
Fallon,39.4735,-118.7774,287.29,50,0,0.0,US,1665410611
Ellensburg,46.9965,-120.5479,288.25,81,0,2.06,US,1665410612
Lagunas,-5.2269,-75.6753,303.19,55,60,1.31,PE,1665410612
Front Royal,38.9182,-78.1944,287.84,78,0,2.57,US,1665410612
Ponta Delgada,37.7333,-25.6667,297.55,69,20,6.69,PT,1665410613
Saint-Pierre,-21.3393,55.4781,296.97,64,100,2.06,RE,1665410320
Durusu,41.3053,28.6767,294.25,82,71,5.36,TR,1665410614
Esmeraldas,-19.7625,-44.3139,300.63,39,55,3.02,BR,1665410615
Deputatsky,69.3,139.9,256.17,97,72,2.93,RU,1665410615
Camalú,30.85,-116.0667,292.35,90,15,2.57,MX,1665410617
Uauá,-9.8414,-39.4817,305.59,31,12,7.95,BR,1665410618
Juneau,58.3019,-134.4197,282.16,97,100,1.54,US,1665410618
Cidreira,-30.1811,-50.2056,289.03,58,100,5.08,BR,1665410332
Ulaangom,49.9811,92.0667,279.64,44,88,1.1,MN,1665410619
Polistena,38.406,16.08,292.88,96,100,0.48,IT,1665410619
Vardø,70.3705,31.1107,279.14,75,0,5.66,NO,1665410281
Nicoya,10.1483,-85.452,298.66,86,74,2.24,CR,1665410620
Vaasa,63.096,21.6158,284.42,71,75,10.29,FI,1665410622
Los Llanos de Aridane,28.6585,-17.9182,295.01,83,75,5.14,ES,1665410622
Lyndon,38.2567,-85.6016,286.23,61,20,1.54,US,1665410623
Anchorage,61.2181,-149.9003,275.11,66,20,2.57,US,1665410623
Tot'ma,59.9747,42.7642,278.95,85,1,2.28,RU,1665410624
Labuhan,-6.8844,112.2051,300.53,77,100,2.43,ID,1665410225
Litovko,49.2361,135.1742,279.55,75,100,4.39,RU,1665410626
Oga,46.4631,10.347,285.35,75,100,1.41,IT,1665410626
Nouakchott,18.0858,-15.9785,302.11,48,100,3.18,MR,1665410627
Lüderitz,-26.6481,15.1594,290.62,79,81,7.35,NA,1665410420
Byron Bay,-28.65,153.6167,288.12,70,68,4.91,AU,1665410509
Tevaitoa,-16.7833,-151.5,298.32,76,14,8.11,PF,1665410628
Norman Wells,65.282,-126.8329,274.31,92,100,12.58,CA,1665410628
Tiznit Province,29.5833,-9.5,298.93,46,34,5.19,MA,1665410294
Tuatapere,-46.1333,167.6833,281.84,92,100,7.46,NZ,1665410255
La Ronge,55.1001,-105.2842,284.41,56,11,5.35,CA,1665410629
Visby,57.6409,18.296,287.27,58,0,9.26,SE,1665410341
Nuevo Ideal,24.8875,-105.0728,286.25,79,0,0.51,MX,1665410630
Moses Lake,47.1301,-119.2781,285.17,58,58,1.54,US,1665410442
Ghanzi,-21.5667,21.7833,308.04,6,5,7.68,BW,1665410631
Lázaro Cárdenas,17.9583,-102.2,299.27,73,97,1.52,MX,1665410632
Ballina,-28.8667,153.5667,288.16,99,88,5.06,AU,1665410632
Morondava,-20.2833,44.2833,299.69,73,0,7.92,MG,1665410633
Sawākin,19.1059,37.3321,304.74,58,0,4.78,SD,1665410633
Kiryat Gat,31.61,34.7642,301.15,4,0,5.61,IL,1665410564
Socorro,31.6546,-106.3033,289.53,91,75,3.09,US,1665410634
Bavleny,56.4,39.56,281.56,67,100,3.24,RU,1665410634
Kalevala,65.2,31.1667,281.1,80,100,5.73,RU,1665410635
Kavaratti,10.5669,72.642,300.67,78,89,4.35,IN,1665410635
Yarmouth,41.7057,-70.2286,290.35,71,0,4.12,US,1665410636
Joshīmath,30.5667,79.5667,289.06,86,45,1.16,IN,1665410636
Rong Kwang,18.339,100.3174,295.82,94,15,1.06,TH,1665410637
Kutum,14.2,24.6667,304.98,17,45,5.45,SD,1665410637
Buchanan,5.8808,-10.0467,300.59,77,85,3.0,LR,1665410637
Comodoro Rivadavia,-45.8667,-67.5,287.07,30,0,10.8,AR,1665410304
Moshenskoye,58.5102,34.5911,281.58,73,7,2.16,RU,1665410638
Jalu,29.0331,21.5482,301.83,24,0,2.93,LY,1665410639
Batticaloa,7.7102,81.6924,300.17,78,3,3.17,LK,1665410639
Pemangkat,1.1667,108.9667,299.25,79,100,1.34,ID,1665410640
Palana,59.1167,159.9667,274.43,78,100,8.83,RU,1665410640
Paamiut,61.994,-49.6678,275.99,94,100,15.86,GL,1665410641
Broken Hill,-31.95,141.4333,289.23,34,100,4.68,AU,1665410641
Liverpool,53.4106,-2.9779,288.12,65,40,7.72,GB,1665410563
Nanortalik,60.1432,-45.2371,276.39,95,100,4.56,GL,1665410642
Güzelyurt,38.2772,34.3719,289.24,44,35,2.95,TR,1665410644
Meulaboh,4.1363,96.1285,298.97,83,100,0.84,ID,1665410644
Sucúa,-2.4667,-78.1667,294.56,88,75,2.06,EC,1665410645
Bridlington,54.0831,-0.1919,289.34,56,5,8.06,GB,1665410645
Freeport,40.6576,-73.5832,290.53,59,0,2.57,US,1665410646
Zhuhai,22.2769,113.5678,299.03,50,0,6.17,CN,1665410409
Perelyub,51.8667,50.3667,288.39,36,100,4.89,RU,1665410646
Guadalupe y Calvo,26.1,-106.9667,282.55,67,0,2.49,MX,1665410647
Parrita,9.5201,-84.3225,299.62,78,100,1.04,CR,1665410647
Berbera,10.4396,45.0143,304.11,63,11,4.71,SO,1665410648
Usinsk,65.9939,57.5281,278.12,81,100,8.55,RU,1665410648
Masallātah,32.6167,14.0,302.79,33,31,4.14,LY,1665410649
Leningradskiy,69.3833,178.4167,265.31,73,92,7.5,RU,1665410651
Bonnyville,54.2668,-110.735,283.18,57,0,3.58,CA,1665410651
Esperance,-33.8667,121.9,287.02,65,11,10.43,AU,1665410437
Portland,45.5234,-122.6762,289.4,86,0,0.0,US,1665410654
Aklavik,68.2191,-135.0107,272.99,86,100,12.44,CA,1665410251
Belaya Gora,68.5333,146.4167,265.81,83,43,2.48,RU,1665410655
Nkhotakota,-12.9274,34.2961,302.12,35,0,2.12,MW,1665410655
Port Macquarie,-31.4333,152.9167,288.65,72,98,2.88,AU,1665410657
Bonfim,3.0833,-59.95,304.63,54,24,4.27,BR,1665410657
Casambalangan,18.3765,122.1274,299.19,88,100,7.21,PH,1665410658
Bilma,18.6853,12.9164,308.65,12,0,1.83,NE,1665410255
Erzin,36.9559,36.2,298.3,39,0,2.41,TR,1665410340
Celestún,20.8667,-90.4,300.11,83,100,6.91,MX,1665410660
Ust-Tsilma,65.441,52.1498,278.41,75,96,4.87,RU,1665410660
Sakaiminato,35.55,133.2333,289.45,63,95,7.69,JP,1665410463
Leh,34.1667,77.5833,282.99,30,94,2.52,IN,1665410661
Aného,6.2333,1.6,300.81,71,86,4.63,TG,1665410662
Takoradze,4.8845,-1.7554,300.73,73,52,3.98,GH,1665410463
Markova,48.6758,24.4138,286.16,53,0,3.11,UA,1665410663
Gurlan,41.8447,60.3919,291.19,16,3,4.85,UZ,1665410663
Santa Lucía,27.9117,-15.5407,294.69,61,20,10.8,ES,1665410664
Gravdal,68.1214,13.5031,283.09,81,75,3.6,NO,1665410664
Vanavara,60.34,102.2797,273.87,97,100,1.84,RU,1665410664
Amahai,-3.3333,128.9167,298.43,86,95,1.24,ID,1665410666
Lusambo,-4.9667,23.45,304.15,38,93,0.72,CD,1665410666
Panevezys,55.7333,24.35,285.28,58,69,4.05,LT,1665410667
Bonavista,48.6499,-53.1147,283.72,56,6,9.87,CA,1665410668
Olafsvik,64.8945,-23.7142,276.15,59,91,4.22,IS,1665410301
Vanderhoof,54.0166,-124.0198,286.55,69,88,2.9,CA,1665410668
Yerbogachën,61.2767,108.0108,273.29,94,90,1.81,RU,1665410669
Chake Chake,-5.2459,39.7666,299.13,68,1,5.73,TZ,1665410471
Kostomuksha,64.571,30.5767,280.09,86,100,4.93,RU,1665410669
Arinos,-15.9169,-46.1056,307.38,20,3,4.82,BR,1665410670
Barra Patuca,15.8,-84.2833,298.2,89,100,4.37,HN,1665410670
Tazovsky,67.4667,78.7,277.65,92,100,2.11,RU,1665410266
Santa Maria,-29.6842,-53.8069,289.09,53,16,6.53,BR,1665410671
Luanda,-8.8368,13.2343,298.85,72,0,6.94,AO,1665410590
Sioux Lookout,50.1001,-91.917,276.26,57,55,3.32,CA,1665410672
Praia,14.9215,-23.5087,299.86,75,83,6.08,CV,1665410673
Kailua,21.4022,-157.7394,297.54,88,96,1.63,US,1665410674
Saint-Joseph,-21.3667,55.6167,296.36,77,52,3.69,RE,1665410674
Mascote,-15.5631,-39.3025,305.23,40,0,3.46,BR,1665410675
Skeldon,5.8833,-57.1333,302.44,73,48,3.34,GY,1665410677
Touros,-5.1989,-35.4608,303.17,59,46,6.46,BR,1665410678
Saint-Paul-lès-Dax,43.7272,-1.0516,298.6,71,100,1.54,FR,1665410679
Tomatlán,19.9333,-105.25,296.76,73,7,1.47,MX,1665410679
Jackson,42.4165,-122.8345,284.84,67,0,1.54,US,1665410558
Gemeente Wageningen,51.9667,5.6667,290.2,91,100,4.12,NL,1665410681
Hualmay,-11.0964,-77.6139,290.74,80,66,3.11,PE,1665410681
Caravelas,-17.7125,-39.2481,303.13,52,6,4.83,BR,1665410305
Longyearbyen,78.2186,15.6401,275.06,75,75,2.57,SJ,1665410224
Severo-Kuril'sk,50.6789,156.125,280.3,76,100,2.72,RU,1665410274
Patrocínio,-18.9439,-46.9925,301.21,39,75,4.59,BR,1665410683
Sarh,9.1429,18.3923,301.31,73,64,2.39,TD,1665410683
Sribne,50.6638,32.9187,284.99,63,30,7.4,UA,1665410684
Monaragala,6.8714,81.3487,298.6,84,82,0.74,LK,1665410684
Kolokani,13.5728,-8.0339,307.98,32,3,1.93,ML,1665410685
Constantine,36.365,6.6147,299.82,41,40,2.57,DZ,1665410685
Pochutla,15.7432,-96.4661,299.16,71,100,1.03,MX,1665410686
Mariental,-24.6333,17.9667,309.68,6,58,5.37,NA,1665410410
Sande,53.5049,8.0142,289.94,84,99,5.59,DE,1665410687
Lorengau,-2.0226,147.2712,299.84,67,58,2.93,PG,1665410308
Abu Kamal,34.4506,40.9171,301.45,28,3,4.07,SY,1665410687
Port Hedland,-20.3167,118.5667,299.18,53,0,5.66,AU,1665410343
Bokoro,12.3807,17.0568,309.21,29,7,1.45,TD,1665410688
Oistins,13.0667,-59.5333,297.2,94,75,6.69,BB,1665410689
Lockhart,28.6194,-81.4426,300.14,76,75,4.12,US,1665410689
Ambilobe,-13.2,49.05,300.26,47,3,3.39,MG,1665410690
Jiangyou,31.7667,104.7167,286.4,69,88,0.81,CN,1665410690
Rodrigues Alves,-7.738,-72.6509,305.35,48,29,1.26,BR,1665410691
Aksu,41.1231,80.2644,290.39,27,2,1.78,CN,1665410454
Priladozhskiy,59.85,31.4833,282.33,1,85,3.83,RU,1665410693
Roebourne,-20.7833,117.1333,298.89,41,15,6.7,AU,1665410693
Cristóbal Obregón,16.35,-93.5333,293.9,94,100,2.88,MX,1665410694
Embonas,36.2269,27.8564,295.84,58,0,2.57,GR,1665410694
Ekhabi,53.5102,142.9671,277.49,93,24,3.71,RU,1665410696
Athens,37.9795,23.7162,299.93,46,20,4.02,GR,1665410696
Malanje,-9.5402,16.341,304.36,24,86,2.07,AO,1665410697
Goderich,43.7501,-81.7165,283.66,63,81,4.75,CA,1665410697
Port Hardy,50.6996,-127.4199,286.79,96,100,1.31,CA,1665410698
Floresta,-8.6011,-38.5686,306.15,31,45,6.44,BR,1665410698
Yoichi,43.2039,140.7703,287.96,79,100,4.43,JP,1665410699
Konya Province,38.1667,32.5,288.86,46,7,2.81,TR,1665410699
Umm Kaddadah,13.6017,26.6876,308.55,17,13,4.71,SD,1665410701
Nur-Sultan,51.1801,71.446,281.12,57,0,2.0,KZ,1665410704
Blanquefort,44.9125,-0.6366,292.27,82,100,1.54,FR,1665410704
Plouzané,48.3833,-4.6167,287.33,79,100,6.69,FR,1665410706
Vila Velha,-20.3297,-40.2925,302.12,61,75,3.09,BR,1665410297
Killybegs,54.6333,-8.45,285.99,62,100,7.22,IE,1665410707
Kyaukse,21.6,96.1333,298.71,83,95,1.68,MM,1665410708
Ngunguru,-35.6167,174.5,288.18,70,100,3.38,NZ,1665410708
Kruisfontein,-34.0033,24.7314,295.31,64,100,9.69,ZA,1665410234
Port Lincoln,-34.7333,135.8667,291.12,42,100,6.06,AU,1665410324
Bundaberg,-24.85,152.35,290.49,88,100,1.79,AU,1665410709
Araouane,18.9048,-3.5265,312.65,10,47,3.29,ML,1665410710
Reshetylivka,49.565,34.0782,283.41,88,100,7.52,UA,1665410710
Sharjah city,25.3573,55.4033,303.3,63,0,3.68,AE,1665410422
Lata,40.1629,-8.3327,293.75,72,100,1.19,PT,1665410278
Half Moon Bay,37.4636,-122.4286,288.59,94,100,2.57,US,1665410713
Vilyuysk,63.7553,121.6247,269.88,95,100,2.14,RU,1665410713
Sinnamary,5.3833,-52.95,302.96,66,56,4.36,GF,1665410714
Marau,-28.4492,-52.2,282.75,98,100,3.63,BR,1665410715
Pangody,65.85,74.4859,278.54,93,100,5.33,RU,1665410226
Fare,-16.7,-151.0167,298.25,76,2,7.48,PF,1665410715
Normandin,48.8333,-72.5321,278.17,60,37,3.32,CA,1665410716
Lypnyazhka,48.4469,31.0761,287.43,48,6,6.87,UA,1665410716
Øksfjord,70.2396,22.3479,281.25,80,100,3.04,NO,1665410717
Nipawin,53.3668,-104.0009,283.32,61,100,4.23,CA,1665410718
Richards Bay,-28.783,32.0377,297.12,73,53,4.6,ZA,1665410718
Qasigiannguit,68.8193,-51.1922,268.83,64,100,1.24,GL,1665410719
Naze,28.3667,129.4833,294.66,58,100,7.11,JP,1665410067
Karakol,42.4907,78.3936,278.66,59,0,2.55,KG,1665410720
Ukiah,39.1502,-123.2078,288.39,66,0,1.54,US,1665410525
Arāmbāgh,22.8833,87.7833,299.83,81,25,3.46,IN,1665410720
Sudak,44.85,34.9667,290.23,45,5,8.13,UA,1665410721
Ostrovskoye,57.8057,42.2433,280.4,74,25,1.98,RU,1665410721
Kulhudhuffushi,6.6221,73.07,300.65,80,37,9.04,MV,1665410722
Quartz Hill,34.6453,-118.2181,292.43,61,0,2.06,US,1665410722
Abnūb,27.2696,31.1511,303.04,27,0,6.97,EG,1665410722
Põltsamaa,58.6525,25.9706,285.16,67,39,3.58,EE,1665410723
Urengoy,65.9667,78.3667,278.05,99,100,2.18,RU,1665410723
Tura,25.5198,90.2201,295.46,95,26,1.57,IN,1665410724
Luwuk,-0.9516,122.7875,298.31,88,98,2.25,ID,1665410724
Gimli,50.6336,-96.9907,280.11,69,5,6.52,CA,1665410725
Orapa,-21.2833,25.3667,309.4,6,0,6.37,BW,1665410725
Maralal,1.0968,36.698,293.21,50,100,4.06,KE,1665410727
Yangjiang,21.85,111.9667,294.03,61,14,3.06,CN,1665410727
Soverato Marina,38.685,16.5499,295.12,92,100,0.94,IT,1665410728
Surgut,61.25,73.4167,282.25,87,40,6.0,RU,1665410729
Port-Gentil,-0.7193,8.7815,300.13,83,100,6.69,GA,1665410261
Gizo Government Station,-8.103,156.8419,300.9,70,11,1.25,SB,1665410730
Zhezkazgan,47.8043,67.7144,284.63,40,8,3.01,KZ,1665410730
Brae,60.3964,-1.353,281.81,72,48,15.72,GB,1665410338
Nizwá,22.9333,57.5333,304.19,9,7,0.91,OM,1665410732
Havre-St-Pierre,50.2334,-63.5986,278.01,60,77,5.02,CA,1665410734
Prince Rupert,54.3161,-130.3201,283.43,81,91,4.04,CA,1665410735
Iskateley,67.6803,53.1512,278.97,82,100,10.11,RU,1665410735
Buala,-8.145,159.5921,299.69,75,29,0.54,SB,1665410736
Kedrovyy,56.1667,91.8167,278.38,92,100,4.69,RU,1665410737
Abbotsford,49.058,-122.2526,285.32,96,94,0.83,CA,1665410737
Concepción,-36.827,-73.0498,286.04,54,0,2.06,CL,1665410737
Ipixuna,-1.7625,-48.8043,306.24,46,6,2.92,BR,1665410738
Umeå,63.8284,20.2597,284.11,87,75,9.26,SE,1665410292
Alappuzha,9.49,76.3264,300.93,84,42,2.86,IN,1665410739
Weinan,34.5036,109.5089,284.27,43,81,1.13,CN,1665410739
Weiser,44.251,-116.9693,279.26,54,1,0.93,US,1665410740
Viedma,-40.8135,-62.9967,291.15,25,0,6.65,AR,1665410740
Bichura,50.5881,107.6022,277.12,39,97,0.96,RU,1665410740
Hofn,64.2539,-15.2082,277.16,48,20,12.35,IS,1665410278
Rūdbār,30.15,62.6,296.69,10,0,3.1,AF,1665410741
Monte Santo de Minas,-21.1897,-46.9803,291.35,95,100,1.77,BR,1665410742
Point Pedro,9.8167,80.2333,300.78,77,64,3.47,LK,1665410742
Kaseda-shirakame,31.4167,130.3167,291.83,67,98,8.53,JP,1665409984
Russell,32.3502,-85.1999,289.72,62,0,1.54,US,1665410744
Camacha,33.0833,-16.3333,295.83,78,20,6.17,PT,1665410745
Khorixas,-20.3667,14.9667,310.03,6,9,5.2,NA,1665410745
Worland,44.0169,-107.9554,277.79,75,0,3.09,US,1665410746
Forchheim,49.7175,11.0588,294.9,74,16,3.85,DE,1665410746
Derbent,42.0678,48.2899,293.97,71,21,1.3,RU,1665410746
Port Blair,11.6667,92.75,299.57,76,100,0.8,IN,1665410748
Tecolutla,20.4833,-97.0167,295.07,86,87,4.44,MX,1665410748
Pitimbu,-7.4706,-34.8086,301.48,72,29,7.55,BR,1665410750
Wanning,18.8003,110.3967,296.06,80,100,5.99,CN,1665410750
Yenagoa,4.9247,6.2642,302.32,71,99,2.43,NG,1665410751
Mumbai,19.0144,72.8479,302.14,84,75,2.57,IN,1665410472
Nurota,40.5614,65.6886,289.47,19,0,4.81,UZ,1665410752
Kismayo,-0.3582,42.5454,299.3,71,92,6.81,SO,1665410577
Santa Cruz do Sul,-29.7175,-52.4258,288.34,58,79,4.71,BR,1665410752
Fort Nelson,58.8053,-122.7002,283.92,43,100,5.14,CA,1665410753
Kidal,18.4411,1.4078,311.11,10,3,7.13,ML,1665410754
Vila Franca do Campo,37.7167,-25.4333,297.38,81,46,2.61,PT,1665410253
Nabire,-3.3667,135.4833,298.13,88,99,1.31,ID,1665410697
Udachny,66.4167,112.4,262.06,97,63,2.87,RU,1665410213
Valle de Allende,26.9333,-105.4,287.08,82,3,2.6,MX,1665410756
Alice Springs,-23.7,133.8833,289.9,29,98,2.57,AU,1665410484
Mossamedes,-15.1961,12.1522,297.16,68,8,5.7,AO,1665410757
Esil,51.9556,66.4042,284.64,52,17,3.55,KZ,1665410757
Strezhevoy,60.7333,77.5889,281.58,85,100,7.62,RU,1665410758
